"Time","vllm-granite-cpuoffload-kshw6 : FS Write"
2025-12-02 11:43:30,3.42 MiB
2025-12-02 11:43:45,3.90 MiB
2025-12-02 11:44:00,815 KiB
2025-12-02 11:44:15,815 KiB
2025-12-02 11:44:30,49.1 KiB
2025-12-02 11:44:45,49.1 KiB
2025-12-02 11:45:00,0 B
2025-12-02 11:45:15,0 B
2025-12-02 11:45:30,0 B
2025-12-02 11:45:45,0 B
2025-12-02 11:46:00,41.1 KiB
2025-12-02 11:46:15,41.1 KiB
2025-12-02 11:46:30,714 KiB
2025-12-02 11:46:45,714 KiB
2025-12-02 11:47:00,3.02 MiB
2025-12-02 11:47:15,3.02 MiB
2025-12-02 11:47:30,3.04 MiB
2025-12-02 11:47:45,3.04 MiB
2025-12-02 11:48:00,31.9 KiB
2025-12-02 11:48:15,31.9 KiB
2025-12-02 11:48:30,0 B
2025-12-02 11:48:45,0 B
2025-12-02 11:49:00,0 B
2025-12-02 11:49:15,0 B
2025-12-02 11:49:30,0 B
2025-12-02 11:49:45,0 B
2025-12-02 11:50:00,0 B
2025-12-02 11:50:15,0 B
2025-12-02 11:50:30,0 B