"Time","vllm-llama-mgx7d : FS Write"
2025-12-02 10:24:00,766 KiB
2025-12-02 10:24:15,766 KiB
2025-12-02 10:24:30,3.03 MiB
2025-12-02 10:24:45,3.32 MiB
2025-12-02 10:25:00,2.79 MiB
2025-12-02 10:25:15,2.79 MiB
2025-12-02 10:25:30,3.60 MiB
2025-12-02 10:25:45,3.60 MiB
2025-12-02 10:26:00,4.67 KiB
2025-12-02 10:26:15,4.67 KiB
2025-12-02 10:26:30,4.67 KiB
2025-12-02 10:26:45,4.67 KiB
2025-12-02 10:27:00,0 B
2025-12-02 10:27:15,0 B
2025-12-02 10:27:30,0 B
2025-12-02 10:27:45,0 B
2025-12-02 10:28:00,0 B
2025-12-02 10:28:15,0 B
2025-12-02 10:28:30,0 B
2025-12-02 10:28:45,0 B
2025-12-02 10:29:00,0 B
2025-12-02 10:29:15,0 B
2025-12-02 10:29:30,0 B
2025-12-02 10:29:45,0 B
2025-12-02 10:30:00,0 B
2025-12-02 10:30:15,0 B
2025-12-02 10:30:30,0 B
2025-12-02 10:30:45,0 B
2025-12-02 10:31:00,0 B
2025-12-02 10:31:15,0 B
2025-12-02 10:31:30,0 B
2025-12-02 10:31:45,0 B
2025-12-02 10:32:00,0 B
2025-12-02 10:32:15,0 B
2025-12-02 10:32:30,0 B
2025-12-02 10:32:45,0 B
2025-12-02 10:33:00,0 B
2025-12-02 10:33:15,0 B