"Time","(sunyibm1.fsl.cs.sunysb.edu, GPU-0): 0 No Error"
2025-12-02 12:18:45,0
2025-12-02 12:19:00,0
2025-12-02 12:19:15,0
2025-12-02 12:19:30,0
2025-12-02 12:19:45,0
2025-12-02 12:20:00,0
2025-12-02 12:20:15,0
2025-12-02 12:20:30,0
2025-12-02 12:20:45,0
2025-12-02 12:21:00,0
2025-12-02 12:21:15,0
2025-12-02 12:21:30,0
2025-12-02 12:21:45,0
2025-12-02 12:22:00,0
2025-12-02 12:22:15,0
2025-12-02 12:22:30,0
2025-12-02 12:22:45,0
2025-12-02 12:23:00,0
2025-12-02 12:23:15,0
2025-12-02 12:23:30,0
2025-12-02 12:23:45,0
2025-12-02 12:24:00,0
2025-12-02 12:24:15,0
2025-12-02 12:24:30,0
2025-12-02 12:24:45,0
2025-12-02 12:25:00,0
2025-12-02 12:25:15,0
2025-12-02 12:25:30,0